iter	Passed	Remaining
0	150	150772
1	161	80591
2	172	57350
3	182	45473
4	192	38325
5	200	33273
6	210	29864
7	219	27214
8	228	25120
9	237	23557
10	247	22220
11	254	20946
12	260	19813
13	266	18753
14	271	17808
15	275	16917
16	278	16130
17	283	15453
18	287	14824
19	290	14258
20	295	13760
21	299	13301
22	302	12869
23	307	12485
24	310	12121
25	314	11788
26	318	11487
27	322	11207
28	326	10938
29	330	10688
30	334	10459
31	338	10247
32	342	10046333	346	9855334	351	9688335	356	9536336	360	9378337	365	9247338	370	9132339	376	9026440	382	8944441	389	8888442	397	8852443	403	8771444	410	8703445	416	8643446	422	8556
47	426	8466
48	432	8385
49	436	8300
50	440	8204
51	445	8118
52	449	8033
53	453	7946
54	457	7867
55	461	7787
56	466	7713
57	470	7641
58	474	7574
59	479	7507
60	483	7439
61	487	7380
62	492	7323
63	496	7265
64	500	7205
65	505	7148
66	509	7091
67	513	7036
68	517	6981
69	521	6929
70	525	6878
71	529	6826
72	533	6778
73	537	6729
74	541	6678
75	545	6635
76	549	6587
77	553	6542
78	557	6498
79	561	6461
80	566	6421
81	570	6383
82	573	6341
83	577	6302
84	581	6262
85	585	6222
86	589	6183
87	593	6154
88	597	6119
89	601	6079
90	605	6045
91	608	6007
92	612	5969
93	615	5935
94	619	5901
95	623	5868
96	627	5838
97	631	5809
98	635	5780
99	639	5753
100	643	5724
101	647	5702
102	651	5676
103	655	5648
104	659	5620
105	662	5591
106	667	5566
107	670	5538
108	673	5509
109	677	5483
110	681	5461
111	686	5442
112	690	5418
113	693	5390
114	697	5365
115	700	5341
116	704	5317
117	708	5293
118	711	5268
119	716	5253
120	720	5233
121	724	5214
122	728	5195
123	734	5188
124	738	5171
125	743	5153
126	747	5137
127	751	5118
128	755	5099
129	759	5081
130	763	5062
131	767	5047
132	771	5032
133	775	5012
134	780	5001
135	785	4988
136	789	4971
137	793	4956
138	797	4937
139	801	4920
140	805	4906
141	809	4890
142	813	4875
143	818	4865
144	823	4852
145	827	4840
146	832	4829
147	840	4840
148	844	4826
149	849	4812
150	853	4796
151	857	4784
152	861	4770
153	866	4758
154	871	4750
155	876	4743
156	881	4733
157	886	47231158	891	47141159	896	47051160	901	46951161	905	46821162	909	46721163	914	46611164	920	46571165	926	46561166	932	46491167	937	46441168	943	46371169	948	46281170	952	46191171	957	46091172	961	45981173	965	45851174	970	45721175	973	45581176	977	45451177	981	45321178	985	45201179	989	45081180	993	44951181	997	44811182	1000	44618183	1004	44184184	1008	4185	185	1012	4186	186	1017	4187	187	1020	4188	188	1024	4189	189	1028	4190	190	1031	4191	191	1035	4192	192	1039	4193	193	1043	4194	194	1047	4195	195	1051	4196	196	1055	4197	197	1059	4198	198	1063	4199	199	1067	4200	200	1071	4201	201	1074	4202	202	1079	4203	203	1082	4204	204	1086	4205	205	1090	4206	206	1094	4207	207	1098	4208	208	1101	4209	209	1106	4210	210	1109	4211	211	1113	4212	212	1118	4213	213	1122	4214	214	1125	4215	215	1129	4216	216	1133	4217	217	1137	4218	218	1140	4219	219	1144	4220	220	1148	4221	1142	4003
222	1146	3993
223	1149	3983
224	1153	3972
225	1157	3963
226	1161	3953
227	1165	3945
228	1168	3935
229	1172	3926
230	1176	3918
231	1180	3909
232	1184	3899
233	1187	3888
234	1191	3878
235	1194	3868
236	1198	3857
237	1201	3848
238	1205	3838
239	1208	3827
240	1212	3818
241	1216	3809
242	1219	3799
243	1223	3790
244	1227	3781
245	1230	3772
246	1234	3763
247	1238	3755
248	1242	3747
249	1246	3738
250	1250	3730
251	1253	3721
252	1257	3712
253	1261	3704
254	1265	3696
255	1268	3686
256	1272	3677
257	1275	3669
258	1279	3661
259	1283	3653
260	1287	3645
261	1291	3637
262	1295	3630
263	1299	3622
264	1303	3614
265	1306	3605
266	1310	3597
267	1313	3587
268	1317	3579
269	1320	3569
270	1324	3561
271	1328	3554
272	1331	3546
273	1335	3539
274	1340	3532
275	1343	3525
276	1347	3517
277	1351	3509
278	1354	3501
279	1358	3492
280	1361	3484
281	1365	3476
282	1369	3468
283	1372	3460
284	1376	3452
285	1380	3445
286	1384	3438
287	1387	3430
288	1391	3423
289	1395	3415
290	1398	3408
291	1402	3400
292	1405	3392
293	1409	3385
294	1413	3378
295	1417	3370
296	1420	3362
297	1424	3355
298	1428	3348
299	1432	3341
300	1435	3333
301	1439	3326
302	1442	3318
303	1445	3310
304	1449	3302
305	1452	3295
306	1456	3287
307	1460	3282
308	1464	3275
309	1468	3269
310	1472	3262
311	1476	3255
312	1479	3248
313	1483	3241
314	1487	3234
315	1491	3228
316	1494	3220
317	1498	3214
318	1502	3208
319	1506	3201
320	1510	3194
321	1514	3188
322	1518	3182
323	1522	3175
324	1525	3169
325	1529	3162
326	1533	3155
327	1536	3148
328	1540	3141
329	1543	3134
330	1547	3127
331	1550	3120
332	1554	3113
333	1557	3106
334	1561	3099
335	1565	3092
336	1568	3085
337	1572	3079
338	1576	3073
339	1580	3067
340	1583	3060
341	1587	3053
342	1590	3047
343	1594	3040
344	1597	3033
345	1601	3027
346	1605	3020
347	1608	3014
348	1612	3008
349	1616	3001
350	1619	2994
351	1623	2987
352	1626	2981
353	1630	2975
354	1633	2968
355	1637	2961
356	1640	2955
357	1644	2949
358	1648	2942
359	1651	2936
360	1655	2929
361	1658	2923
362	1661	2916
363	1665	2910
364	1669	2904
365	1673	2898
366	1676	2891
367	1680	2885
368	1683	2878
369	1687	2872
370	1690	2866
371	1694	2860
372	1698	2854
373	1702	2848
374	1705	2842
375	1708	2836
376	1712	2829
377	1715	2823
378	1719	2817
379	1723	2811
380	1727	2806
381	1730	2799
382	1734	2793
383	1738	2789
384	1742	2783
385	1746	2777
386	1749	2771
387	1752	2764
388	1755	2758
389	1759	2752
390	1763	2746
391	1766	2740
392	1771	2735
393	1774	2729
394	1778	2723
395	1782	2718
396	1786	2713
397	1790	2707
398	1793	2701
399	1797	2695
400	1800	2690
401	1804	2684
402	1809	2680
403	1812	2674
404	1817	2669
405	1821	2664
406	1825	2659
407	1829	2654
408	1833	2649
409	1837	2643
410	1841	2638
411	1845	2633
412	1849	2628
413	1854	2624
414	1858	2620
415	1862	2615
416	1866	2609
417	1870	2605
418	1874	2599
419	1878	2594
420	1882	2589
421	1886	2584
422	422	1901	2423	423	1906	2424	424	1910	2425	425	1914	2426	426	1918	2427	427	1922	2428	428	1926	2429	429	1930	2430	430	1933	2431	431	1937	2432	432	1941	2433	433	1945	2434	434	1949	2435	435	1953	2436	436	1957	2437	437	1961	2438	438	1965	2439	439	1968	2440	440	1972	2441	441	1976	2442	442	1979	2443	443	1983	2444	444	1987	2445	445	1991	2446	446	1995	2447	447	1998	2448	448	2002	2449	449	2005	2450	450	2009	2451	451	2012	2452	452	2016	2453	453	2020	2454	454	2023	2455	455	2027	2456	456	2030	2457	457	2035	2458	458	2038	2459	459	2043	2460	460	2047	2461	461	2051	2462	462	2054	2463	463	2058	2464	464	2062	2465	465	2065	2466	466	2069	2467	467	2072	2468	468	2076	2469	469	2079	2470	470	2083	2471	471	2086	2472	472	2090	2473	473	2094	2474	474	2098	2475	475	2101	2476	476	2105	2477	477	2109	2478	478	2113	2479	479	2116	2480	480	2120	2481	481	2123	2482	482	2126	2483	483	2130	2484	484	2133	2485	485	2137	2486	486	2141	2487	487	2145	2488	488	2148	2489	489	2152	2490	490	2155	2491	491	2159	2492	492	2162	2493	493	2166	2494	494	2169	2495	495	2173	2496	496	2177	2497	497	2180	2498	498	2183	2499	499	2187	2500	500	2190	2501	501	2194	2502	502	2197	2503	503	2200	2504	504	2205	2505	505	2209	2506	506	2212	2507	507	2216	2508	508	2220	2141
509	2223	2510	510	2227	2511	511	2231	2512	512	2234	2121
513	2238	2116
514	2242	2111
515	2245	2106
516	2249	2101
517	2253	2096
518	2256	2091
519	2260	2086
520	2264	2081
521	2267	2076
522	2271	2071
523	2275	2066
524	2278	2061
525	2282	2056
526	2286	2051
527	2289	2046
528	2293	2041
529	2297	2037
530	2300	2032
531	2304	2027
532	2307	2022
533	2311	2017
534	2315	2012
535	2318	2007
536	2322	2002
537	2326	1997
538	2330	1993
539	2333	1988
540	2337	1983
541	2340	1977
542	2344	1972
543	2347	1967
544	2351	1963
545	2354	1958
546	2358	1953
547	2362	1948
548	2365	1943
549	2369	1938
550	2372	1933
551	2376	1929
552	2380	1924
553	2384	1919
554	2387	1914
555	2391	1909
556	2395	1904
557	2398	1899
558	2402	1894
559	2405	1889
560	2408	1885
561	2412	1880
562	2415	1874
563	2419	1870
564	2422	1864
565	2425	1859
566	2428	1854
567	2432	1849
568	2435	1845
569	2439	1840
570	2442	1835
571	2446	1830
572	2449	1825
573	2453	1820
574	2456	1815
575	2460	1811
576	2464	1806
577	2467	1801
578	2471	1797
579	2475	1792
580	2478	1787
581	2482	1782
582	2485	1778
583	2489	1773
584	2492	1768
585	2496	1763
586	2499	1758
587	2503	1753
588	2506	1749
589	2509	1744
590	2513	1739
591	2517	1734
592	2520	1730
593	2524	1725
594	2527	1720
595	2531	1715
596	2534	1711
597	2538	1706
598	2542	1701
599	2545	1697
600	2549	1692
601	2552	1687
602	2555	1682
603	2559	1677
604	2562	1673
605	2566	1668
606	2569	1663
607	2573	1659
608	2576	1654
609	2580	1649
610	2583	1644
611	2587	1640
612	2590	1635
613	2593	1630
614	2597	1626
615	2601	1621
616	2604	1616
617	2607	1611
618	2611	1607
619	2614	1602
620	2618	1598
621	2621	1593
622	2624	1588
623	2628	1583
624	2632	1579
625	2635	1574
626	2639	1570
627	2642	1565
628	2646	1560
629	2649	1556
630	2653	1551
631	2656	1546
632	2660	1542
633	2663	1537
634	2667	1533
635	2670	1528
636	2673	1523
637	2676	1518
638	2679	1514
639	2683	1509
640	2686	1504
641	2690	1500
642	2694	1495
643	2697	1491
644	2700	1486
645	2704	1481
646	2707	1477
647	2711	1472
648	2715	1468
649	2719	1464
650	2722	1459
651	2726	1455
652	2730	1450
653	2733	1446
654	2737	1441
655	2740	1437
656	2743	1432
657	2747	1427
658	2750	1423
659	2754	1418
660	2757	1414
661	2760	1409
662	2764	1405
663	2767	1400
664	2771	1395
665	2774	1391
666	2778	1387
667	2781	1382
668	2785	1378
669	2788	1373
670	2792	1369
671	2795	1364
672	2799	1360
673	2802	1355
674	2806	1351
675	2809	1346
676	2813	1342
677	2817	1338
678	2820	1333
679	2824	1328
680	2827	1324
681	2830	1319
682	2834	1315
683	2837	1311
684	2841	1306
685	2845	1302
686	2848	1297
687	2851	1293
688	2854	1288
689	2858	1284
690	2862	1279
691	2865	1275
692	2868	1270
693	2872	1266
694	2875	1261
695	2878	1257
696	2883	1697	2866	1240
698	2870	1235
699	2874	1231
700	2877	1227
701	2881	1223
702	2884	1218
703	2888	1214
704	2891	1210
705	2895	1205
706	2898	1201
707	2902	1196
708	2905	1192
709	2909	1188
710	2912	1183
711	2916	1179
712	2919	1175
713	2923	1170
714	2926	1166
715	2930	1162
716	2933	1157
717	2936	1153
718	2940	1149
719	2944	1144
720	2947	1140
721	2950	1136
722	2954	1131
723	2957	1127
724	2960	1123
725	2964	1118
726	2967	1114
727	2971	1110
728	2975	1105
729	2978	1101
730	2982	1097
731	2986	1093
732	2989	1089
733	2993	1084
734	2996	1080
735	3000	1076
736	3004	1071
737	3007	1067
738	3011	1063
739	3014	1059
740	3018	1054
741	3021	1050
742	3025	1046
743	3028	1042
744	3032	1037
745	3035	1033
746	3039	1029
747	3042	1025
748	3046	1020
749	3049	1016
750	3052	1012
751	3056	1007
752	3059	1003
753	3062	999
754	3066	995
755	3070	990
756	3073	986
757	3076	982
758	3080	978
759	3083	973
760	3087	969
761	3090	965
762	3094	961
763	3097	956
764	3100	952
765	3104	948
766	3107	943
767	3110	939
768	3114	935
769	3118	931
770	3121	927
771	3125	922
772	3128	918
773	3132	914
774	3135	910
775	3139	906
776	3143	902
777	3146	897
778	3150	893
779	3153	889
780	3157	885
781	3160	881
782	3164	876
783	3167	872
784	3171	868
785	3174	864
786	3177	860
787	3181	855
788	3184	851
789	3187	847
790	3191	843
791	3194	838
792	3198	834
793	3201	830
794	3205	826
795	3208	822
796	3211	818
797	3215	813
798	3219	809
799	3223	805
800	3226	801
801	3229	797
802	3232	793
803	3236	788
804	3239	784
805	3243	780
806	3246	776
807	3249	772
808	3253	768
809	3256	763
810	3260	759
811	3263	755
812	3267	751
813	3270	747
814	3274	743
815	3277	739
816	3281	734
817	3284	730
818	3288	726
819	3291	722
820	3295	718
821	3298	714
822	3302	710
823	3305	706
824	3308	701
825	3312	697
826	3315	693
827	3319	689
828	3322	685
829	3325	681
830	3329	677
831	3332	672
832	3335	668
833	3339	664
834	3342	660
835	3346	656
836	3350	652
837	3353	648
838	3356	644
839	3360	640
840	3364	636
841	3368	632
842	3371	627
843	3374	623
844	3378	619
845	3382	615
846	3385	611
847	3388	607
848	3392	603
849	3395	599
850	3398	595
851	3402	590
852	3405	586
853	3408	582
854	3412	578
855	3415	574
856	3418	570
857	3422	566
858	3425	562
859	3429	558
860	3433	554
861	3437	550
862	3440	546
863	3444	542
864	3447	538
865	3451	533
866	3454	529
867	3457	525
868	3460	521
869	3464	517
870	3467	513
871	3471	509
872	3474	505
873	3478	501
874	3482	497
875	3485	493
876	3488	489
877	3492	485
878	3495	481
879	3499	477
880	3502	473
881	3505	469
882	3508	464
883	3512	460
884	3515	456
885	3519	452
886	3522	448
887	3525	444
888	3529	440
889	3532	436
890	3536	432
891	3539	428
892	3542	424
893	3546	420
894	3549	416
895	3552	412
896	3556	408
897	3559	404
898	3563	400
899	3567	396
900	3570	392
901	3574	388
902	3577	384
903	3581	380
904	3584	376
905	3587	372
906	3591	368
907	3594	364
908	3598	360
909	3602	356
910	3606	352
911	3609	348
912	3613	344
913	3616	340
914	3619	336
915	3622	332
916	3626	328
917	3629	324
918	3633	320
919	3636	316
920	3640	312
921	3643	308
922	3647	304
923	3650	300
924	3654	296
925	3658	292
926	3661	288
927	3664	284
928	3668	280
929	3671	276
930	3674	272
931	3677	268
932	3681	264
933	3684	260
934	3687	256
935	3691	252
936	3694	248
937	3697	244
938	3700	240
939	3704	236
940	3707	232
941	3711	228
942	3714	224
943	3718	220
944	3721	216
945	3725	212
946	3728	208
947	3731	204
948	3735	200
949	3738	196
950	3742	192
951	3745	188
952	3749	184
953	3752	180
954	3756	177
955	3760	173
956	3763	169
957	3767	165
958	3771	161
959	3774	157
960	3777	153
961	3781	149
962	3785	145
963	3788	141
964	3791	137
965	3795	133
966	3798	129
967	3802	125
968	3805	121
969	3808	117
970	3812	113
971	3815	109
972	3818	105
973	3822	102
974	3825	98
975	3828	94
976	3832	90
977	3835	86
978	3839	82
979	3842	78
980	3845	74
981	3849	70
982	3852	66
983	3855	62
984	3859	58
985	3862	54
986	3866	50
987	3870	47
988	3873	43
989	3876	39
990	3880	35
991	3883	31
992	3887	27
993	3891	23
994	3894	19
995	3898	15
996	3902	11
997	3905	7
998	3909	3
999	3913	0
932	0
